{"cameraMode":{"drawMode":0,"name":"Shaded","section":"Shading Mode"},"sceneLighting":false,"audioPlay":false,"sceneViewState":{"m_AlwaysRefresh":true,"showFog":true,"showSkybox":false,"showFlares":true,"showImageEffects":true,"showParticleSystems":true,"showVisualEffectGraphs":true,"m_FxEnabled":true},"in2DMode":false,"pivot":{"x":-0.3999996781349182,"y":0.5689994692802429,"z":-0.39999961853027346},"rotation":{"x":0.23162655532360078,"y":0.3203665614128113,"z":-0.08110412955284119,"w":0.9149543046951294},"size":1.5243886709213257,"orthographic":false}