{"cameraMode":{"drawMode":0,"name":"Shaded","section":"Shading Mode"},"sceneLighting":false,"audioPlay":false,"sceneViewState":{"m_AlwaysRefresh":true,"showFog":true,"showSkybox":false,"showFlares":true,"showImageEffects":true,"showParticleSystems":true,"showVisualEffectGraphs":true,"m_FxEnabled":true},"in2DMode":false,"pivot":{"x":-0.002064943313598633,"y":1.4433702230453492,"z":0.0007059574127197266},"rotation":{"x":0.09877973049879074,"y":0.5924962759017944,"z":-0.07351669669151306,"w":0.7961093187332153},"size":1.9015295505523682,"orthographic":false}