{"cameraMode":{"drawMode":0,"name":"Shaded","section":"Shading Mode"},"sceneLighting":false,"audioPlay":false,"sceneViewState":{"m_AlwaysRefresh":true,"showFog":true,"showSkybox":false,"showFlares":true,"showImageEffects":true,"showParticleSystems":true,"showVisualEffectGraphs":true,"m_FxEnabled":true},"in2DMode":false,"pivot":{"x":0.17747128009796143,"y":1.9190423488616944,"z":0.21481040120124818},"rotation":{"x":0.004181561525911093,"y":0.9890947937965393,"z":-0.028639988973736764,"w":0.14442376792430879},"size":3.0559113025665285,"orthographic":false}