{"cameraMode":{"drawMode":0,"name":"Shaded","section":"Shading Mode"},"sceneLighting":false,"audioPlay":false,"sceneViewState":{"m_AlwaysRefresh":true,"showFog":true,"showSkybox":false,"showFlares":true,"showImageEffects":true,"showParticleSystems":true,"showVisualEffectGraphs":true,"m_FxEnabled":true},"in2DMode":false,"pivot":{"x":0.0003007650375366211,"y":5.027641296386719,"z":0.6274644136428833},"rotation":{"x":0.004181561525911093,"y":0.9890947937965393,"z":-0.028639988973736764,"w":0.14442376792430879},"size":6.9106974601745609,"orthographic":false}