{"cameraMode":{"drawMode":0,"name":"Shaded","section":"Shading Mode"},"sceneLighting":false,"audioPlay":false,"sceneViewState":{"m_AlwaysRefresh":true,"showFog":true,"showSkybox":false,"showFlares":true,"showImageEffects":true,"showParticleSystems":true,"showVisualEffectGraphs":true,"m_FxEnabled":true},"in2DMode":false,"pivot":{"x":-0.050032854080200198,"y":0.2298736572265625,"z":-0.28978610038757326},"rotation":{"x":0.23162655532360078,"y":0.3203665614128113,"z":-0.08110412955284119,"w":0.9149543046951294},"size":1.8121235370635987,"orthographic":false}