{"cameraMode":{"drawMode":0,"name":"Shaded","section":"Shading Mode"},"sceneLighting":true,"audioPlay":false,"sceneViewState":{"m_AlwaysRefresh":true,"showFog":true,"showSkybox":true,"showFlares":true,"showImageEffects":true,"showParticleSystems":true,"showVisualEffectGraphs":true,"m_FxEnabled":true},"in2DMode":false,"pivot":{"x":225.34669494628907,"y":39.001991271972659,"z":-126.94068145751953},"rotation":{"x":0.09877973049879074,"y":0.5924962759017944,"z":-0.07351669669151306,"w":0.7961093187332153},"size":14.50417423248291,"orthographic":false}