{"cameraMode":{"drawMode":0,"name":"Shaded","section":"Shading Mode"},"sceneLighting":false,"audioPlay":false,"sceneViewState":{"m_AlwaysRefresh":true,"showFog":true,"showSkybox":false,"showFlares":true,"showImageEffects":true,"showParticleSystems":true,"showVisualEffectGraphs":true,"m_FxEnabled":true},"in2DMode":false,"pivot":{"x":-0.0001405477523803711,"y":2.714688301086426,"z":0.000783085823059082},"rotation":{"x":0.09877973049879074,"y":0.5924962759017944,"z":-0.07351669669151306,"w":0.7961093187332153},"size":3.1911497116088869,"orthographic":false}