{"cameraMode":{"drawMode":0,"name":"Shaded","section":"Shading Mode"},"sceneLighting":false,"audioPlay":false,"sceneViewState":{"m_AlwaysRefresh":true,"showFog":true,"showSkybox":false,"showFlares":true,"showImageEffects":true,"showParticleSystems":true,"showVisualEffectGraphs":true,"m_FxEnabled":true},"in2DMode":false,"pivot":{"x":0.4713625907897949,"y":2.0751214027404787,"z":-1.7723045349121094},"rotation":{"x":0.004181561525911093,"y":0.9890947937965393,"z":-0.028639988973736764,"w":0.14442376792430879},"size":3.525237798690796,"orthographic":false}