{"cameraMode":{"drawMode":0,"name":"Shaded","section":"Shading Mode"},"sceneLighting":false,"audioPlay":false,"sceneViewState":{"m_AlwaysRefresh":true,"showFog":true,"showSkybox":false,"showFlares":true,"showImageEffects":true,"showParticleSystems":true,"showVisualEffectGraphs":true,"m_FxEnabled":true},"in2DMode":false,"pivot":{"x":-0.0019463300704956055,"y":2.6505818367004396,"z":0.0015492439270019532},"rotation":{"x":0.09877973049879074,"y":0.5924962759017944,"z":-0.07351669669151306,"w":0.7961093187332153},"size":3.6817197799682619,"orthographic":false}