{"cameraMode":{"drawMode":0,"name":"Shaded","section":"Shading Mode"},"sceneLighting":false,"audioPlay":false,"sceneViewState":{"m_AlwaysRefresh":true,"showFog":true,"showSkybox":false,"showFlares":true,"showImageEffects":true,"showParticleSystems":true,"showVisualEffectGraphs":true,"m_FxEnabled":true},"in2DMode":false,"pivot":{"x":-0.00032764673233032227,"y":1.5332696437835694,"z":0.0008921623229980469},"rotation":{"x":0.09877973049879074,"y":0.5924962759017944,"z":-0.07351669669151306,"w":0.7961093187332153},"size":2.9740211963653566,"orthographic":false}